{
  "alignment": "output/build-lineages/align/B-Victoria_HA_alignment.fasta",
  "generated_by": {
    "program": "augur",
    "version": "27.0.0"
  },
  "input_tree": "output/build-lineages/tree/B-Victoria_HA_raw.nwk",
  "nodes": {
    "B/Abudhabi/061/2019": {
      "branch_length": 0.00108417
    },
    "B/Argentina/100/2020": {
      "branch_length": 0.00491108
    },
    "B/Austria/1359417/2021____21/224_": {
      "branch_length": 0.00162832
    },
    "B/Canterbury/14/2019": {
      "branch_length": 0.00621405
    },
    "B/Colorado/06/2017": {
      "branch_length": 0.00052687
    },
    "B/Ecuador/1135/2023": {
      "branch_length": 0.0
    },
    "B/Ecuador/140/2023": {
      "branch_length": 0.00108498
    },
    "B/Ecuador/4157/2023": {
      "branch_length": 0.00054236
    },
    "B/Ecuador/5408/2023": {
      "branch_length": 0.0
    },
    "B/Ecuador/5450/2023": {
      "branch_length": 1e-06
    },
    "B/Ecuador/5527/2024": {
      "branch_length": 0.0
    },
    "B/Ecuador/9768/2023": {
      "branch_length": 0.00162804
    },
    "B/Ecuador/GSB-1171-1496/2023": {
      "branch_length": 0.0005838
    },
    "B/Hong_Kong/286/2017": {
      "branch_length": 2.06e-06
    },
    "B/Jiangxi-Yushui/11102/2014": {
      "branch_length": 0.01283576
    },
    "B/Nepal/20FL0829/2020": {
      "branch_length": 0.00229345
    },
    "B/New_Caledonia/118/2015": {
      "branch_length": 2.1e-06
    },
    "B/New_York/72/2024": {
      "branch_length": 0.00598849
    },
    "B/Peru/01237Aaeev/2023": {
      "branch_length": 0.00054178
    },
    "B/Peru/01237Aaeew/2023": {
      "branch_length": 0.0
    },
    "B/Peru/01237Aaefa/2023": {
      "branch_length": 2.69e-06
    },
    "B/Peru/01237Aaefb/2023": {
      "branch_length": 2.06e-06
    },
    "B/Peru/02645Aaaek/2023": {
      "branch_length": 1e-06
    },
    "B/Peru/02883Aalsw/2023": {
      "branch_length": 2.06e-06
    },
    "B/Peru/02883Aalsx/2023": {
      "branch_length": 0.00108396
    },
    "B/Peru/02883Aaltu/2023": {
      "branch_length": 0.0
    },
    "B/Peru/02885Aahkz/2023": {
      "branch_length": 0.0
    },
    "B/Peru/02885Aahlc/2023": {
      "branch_length": 2.06e-06
    },
    "B/Peru/02885Aahnc/2023": {
      "branch_length": 0.0
    },
    "B/Peru/02885Aahng/2023": {
      "branch_length": 0.00108462
    },
    "B/Peru/02888Aakdk/2023": {
      "branch_length": 2.06e-06
    },
    "B/Peru/02888Aakdn/2023": {
      "branch_length": 0.00054154
    },
    "B/Peru/02888Aakpr/2024": {
      "branch_length": 2.06e-06
    },
    "B/Peru/03472/2023": {
      "branch_length": 0.00162643
    },
    "B/Peru/0727/2023": {
      "branch_length": 2.06e-06
    },
    "B/Peru/0753/2023": {
      "branch_length": 0.00108393
    },
    "B/Peru/10185Aanzs/2023": {
      "branch_length": 2.06e-06
    },
    "B/Peru/1232/2023": {
      "branch_length": 0.00054221
    },
    "B/Peru/1237/2023": {
      "branch_length": 0.00108438
    },
    "B/Peru/1292/2023": {
      "branch_length": 0.0
    },
    "B/Peru/1293/2023": {
      "branch_length": 0.00108341
    },
    "B/Peru/1409/2023": {
      "branch_length": 0.0
    },
    "B/Peru/2017/2023": {
      "branch_length": 0.00054265
    },
    "B/Peru/2161/2023": {
      "branch_length": 0.00054193
    },
    "B/Peru/2645/2023": {
      "branch_length": 1e-06
    },
    "B/Peru/2831/2023": {
      "branch_length": 0.0
    },
    "B/Peru/2883/2023": {
      "branch_length": 2.06e-06
    },
    "B/Peru/2885/2023": {
      "branch_length": 2.06e-06
    },
    "B/Peru/2888/2023": {
      "branch_length": 0.00272096
    },
    "B/Peru/3472/2023": {
      "branch_length": 0.00162783
    },
    "B/Peru/3886/2023": {
      "branch_length": 0.00054186
    },
    "B/Peru/4054/2023": {
      "branch_length": 0.0
    },
    "B/Peru/4211/2023": {
      "branch_length": 0.00373587
    },
    "B/Peru/4317/2023": {
      "branch_length": 0.0
    },
    "B/Peru/472/2023": {
      "branch_length": 0.00162699
    },
    "B/Peru/6669/2023": {
      "branch_length": 2.06e-06
    },
    "B/Peru/7638/2023": {
      "branch_length": 0.00162761
    },
    "B/Peru/9066/2023": {
      "branch_length": 0.00271538
    },
    "B/Peru/ARE-INS-092/2024": {
      "branch_length": 0.00054203
    },
    "B/Peru/GIHSN-HCL023164105501/2023": {
      "branch_length": 0.00108453
    },
    "B/Peru/LIM-INS-119/2024": {
      "branch_length": 0.00108542
    },
    "B/Peru/LIM-UPCH-4111/2024": {
      "branch_length": 0.00057164
    },
    "B/Peru/LIM-UPCH-4112/2023": {
      "branch_length": 2.37e-06
    },
    "B/Peru/LIM-UPCH-4545/2024": {
      "branch_length": 0.00171603
    },
    "B/Peru/LIM-UPCH-4599/2024": {
      "branch_length": 0.0
    },
    "B/Peru/LIM-UPCH-4677/2024": {
      "branch_length": 0.00057214
    },
    "B/Peru/LIM-UPCH-4681/2024": {
      "branch_length": 0.0
    },
    "B/Peru/LIM-UPCH-4682/2024": {
      "branch_length": 0.00057191
    },
    "B/Peru/LIM-UPCH-4685/2024": {
      "branch_length": 0.00057289
    },
    "B/Peru/LIM-UPCH-4690/2024": {
      "branch_length": 0.00114462
    },
    "B/Peru/LIM-UPCH-4696/2024": {
      "branch_length": 0.00229169
    },
    "B/Peru/LIM-UPCH-4697/2024": {
      "branch_length": 0.0
    },
    "B/Peru/LIM-UPCH-4698/2024": {
      "branch_length": 0.00171613
    },
    "B/Peru/LIM-UPCH-4699/2024": {
      "branch_length": 0.00057124
    },
    "B/Peru/LIM-UPCH-4700/2024": {
      "branch_length": 0.0
    },
    "B/Peru/LIM-UPCH-4701/2024": {
      "branch_length": 0.00114444
    },
    "B/Peru/LIM-UPCH-4703/2024": {
      "branch_length": 0.00057189
    },
    "B/Peru/LIM-UPCH-4704/2024": {
      "branch_length": 0.00114439
    },
    "B/Peru/LIM-UPCH-4707/2024": {
      "branch_length": 2.06e-06
    },
    "B/Peru/LIM-UPCH-4708/2024": {
      "branch_length": 2.06e-06
    },
    "B/Peru/LIM-UPCH-4709/2024": {
      "branch_length": 0.00057239
    },
    "B/Peru/LIM-UPCH-4715/2024": {
      "branch_length": 0.0
    },
    "B/Peru/LIM-UPCH-4716/2024": {
      "branch_length": 0.0
    },
    "B/Peru/LIM-UPCH-4717/2024": {
      "branch_length": 0.00057183
    },
    "B/Peru/LIM-UPCH-4718/2024": {
      "branch_length": 1e-06
    },
    "B/Peru/LIM-UPCH-4719/2024": {
      "branch_length": 0.0
    },
    "B/Peru/LIM-UPCH-4720/2024": {
      "branch_length": 0.00114359
    },
    "B/Peru/LIM-UPCH-4722/2024": {
      "branch_length": 0.0
    },
    "B/Peru/LIM-UPCH-4723/2024": {
      "branch_length": 0.00057168
    },
    "B/Peru/LIM-UPCH-4724/2024": {
      "branch_length": 0.000572
    },
    "B/Peru/LIM-UPCH-4725/2024": {
      "branch_length": 0.0005717
    },
    "B/Peru/LIM-UPCH-4726/2024": {
      "branch_length": 0.00057194
    },
    "B/Peru/LIM-UPCH-4727/2024": {
      "branch_length": 0.00057206
    },
    "B/Peru/LIM-UPCH-4728/2024": {
      "branch_length": 0.00057165
    },
    "B/Peru/LIM-UPCH-4730/2024": {
      "branch_length": 0.00401859
    },
    "B/Peru/UPCH_3860/2023": {
      "branch_length": 0.00472033
    },
    "B/Peru/UPCH_3863/2023": {
      "branch_length": 1e-06
    },
    "B/Peru/UPCH_3865/2023": {
      "branch_length": 1e-06
    },
    "B/Peru/UPCH_3869/2023": {
      "branch_length": 2.06e-06
    },
    "B/Peru/UPCH_3870/2023": {
      "branch_length": 2.06e-06
    },
    "B/Peru/UPCH_3919/2023": {
      "branch_length": 0.00059146
    },
    "B/Rhode_Island/01/2019": {
      "branch_length": 0.00217052
    },
    "B/Tak/F2636/2024": {
      "branch_length": 0.00516055
    },
    "B/Victoria/905/2019": {
      "branch_length": 0.00217041
    },
    "B/WAKAYAMA/32/2013": {
      "branch_length": 0.00226745
    },
    "B/Washington/02/2019": {
      "branch_length": 0.00217999
    },
    "B/Zambia/7419/2022": {
      "branch_length": 0.00930802
    },
    "B/Zhejiang-Longwan/11200/2021": {
      "branch_length": 0.00163441
    },
    "B/Zhejiang-Yuecheng/1554/2022": {
      "branch_length": 0.00163294
    },
    "NODE_0000000": {
      "branch_length": 0.001
    },