{
  "alignment": "output/build-lineages/align/B-Victoria_NA_alignment.fasta",
  "generated_by": {
    "program": "augur",
    "version": "27.0.0"
  },
  "input_tree": "output/build-lineages/tree/B-Victoria_NA_raw.nwk",
  "nodes": {
    "B/Abudhabi/061/2019": {
      "branch_length": 2.28e-06
    },
    "B/Argentina/100/2020": {
      "branch_length": 0.00657822
    },
    "B/Austria/1359417/2021____21/224_": {
      "branch_length": 0.00132096
    },
    "B/Canterbury/14/2019": {
      "branch_length": 0.00728575
    },
    "B/Colorado/06/2017": {
      "branch_length": 2.73e-06
    },
    "B/Ecuador/1135/2023": {
      "branch_length": 0.00065567
    },
    "B/Ecuador/140/2023": {
      "branch_length": 0.00131139
    },
    "B/Ecuador/4157/2023": {
      "branch_length": 0.00131126
    },
    "B/Ecuador/5408/2023": {
      "branch_length": 1e-06
    },
    "B/Ecuador/5450/2023": {
      "branch_length": 1e-06
    },
    "B/Ecuador/9768/2023": {
      "branch_length": 0.00065522
    },
    "B/Ecuador/GSB-1171-1496/2023": {
      "branch_length": 0.00135199
    },
    "B/Hong_Kong/286/2017": {
      "branch_length": 0.00064938
    },
    "B/Jiangxi-Yushui/11102/2014": {
      "branch_length": 0.03642919
    },
    "B/Nepal/20FL0829/2020": {
      "branch_length": 0.0007092
    },
    "B/New_Caledonia/118/2015": {
      "branch_length": 0.0019653
    },
    "B/New_York/72/2024": {
      "branch_length": 0.00926356
    },
    "B/Peru/01237Aaeev/2023": {
      "branch_length": 0.0
    },
    "B/Peru/01237Aaeew/2023": {
      "branch_length": 0.0
    },
    "B/Peru/01237Aaefa/2023": {
      "branch_length": 0.0
    },
    "B/Peru/01237Aaefb/2023": {
      "branch_length": 0.0013065
    },
    "B/Peru/02645Aaaek/2023": {
      "branch_length": 2.28e-06
    },
    "B/Peru/02883Aalsw/2023": {
      "branch_length": 0.00131116
    },
    "B/Peru/02883Aalsx/2023": {
      "branch_length": 0.00065522
    },
    "B/Peru/02883Aaltu/2023": {
      "branch_length": 0.0
    },
    "B/Peru/02885Aahkz/2023": {
      "branch_length": 0.00131162
    },
    "B/Peru/02885Aahlc/2023": {
      "branch_length": 2.28e-06
    },
    "B/Peru/02885Aahnc/2023": {
      "branch_length": 0.0
    },
    "B/Peru/02885Aahng/2023": {
      "branch_length": 0.00196782
    },
    "B/Peru/02888Aakdk/2023": {
      "branch_length": 1e-06
    },
    "B/Peru/02888Aakdn/2023": {
      "branch_length": 1e-06
    },
    "B/Peru/02888Aakpr/2024": {
      "branch_length": 2.61e-06
    },
    "B/Peru/03472/2023": {
      "branch_length": 0.00065548
    },
    "B/Peru/0727/2023": {
      "branch_length": 0.00131139
    },
    "B/Peru/0753/2023": {
      "branch_length": 0.00263949
    },
    "B/Peru/10185Aanzs/2023": {
      "branch_length": 0.0
    },
    "B/Peru/1232/2023": {
      "branch_length": 2.97e-06
    },
    "B/Peru/1237/2023": {
      "branch_length": 0.00065557
    },
    "B/Peru/1292/2023": {
      "branch_length": 1e-06
    },
    "B/Peru/1293/2023": {
      "branch_length": 0.00329353
    },
    "B/Peru/1409/2023": {
      "branch_length": 0.00196804
    },
    "B/Peru/2017/2023": {
      "branch_length": 0.00131341
    },
    "B/Peru/2161/2023": {
      "branch_length": 2.28e-06
    },
    "B/Peru/2645/2023": {
      "branch_length": 2e-06
    },
    "B/Peru/2831/2023": {
      "branch_length": 2.28e-06
    },
    "B/Peru/2883/2023": {
      "branch_length": 0.0
    },
    "B/Peru/2885/2023": {
      "branch_length": 0.00065531
    },
    "B/Peru/2888/2023": {
      "branch_length": 0.00394084
    },
    "B/Peru/3472/2023": {
      "branch_length": 2.61e-06
    },
    "B/Peru/3886/2023": {
      "branch_length": 1.11e-06
    },
    "B/Peru/4054/2023": {
      "branch_length": 0.0
    },
    "B/Peru/4211/2023": {
      "branch_length": 0.00461204
    },
    "B/Peru/4317/2023": {
      "branch_length": 0.00065548
    },
    "B/Peru/472/2023": {
      "branch_length": 0.00065431
    },
    "B/Peru/6669/2023": {
      "branch_length": 2.24e-06
    },
    "B/Peru/7638/2023": {
      "branch_length": 0.00196816
    },
    "B/Peru/9066/2023": {
      "branch_length": 0.00065571
    },
    "B/Peru/GIHSN-HCL023164105501/2023": {
      "branch_length": 0.00328317
    },
    "B/Peru/LIM-INS-119/2024": {
      "branch_length": 0.00071262
    },
    "B/Peru/LIM-UPCH-4111/2024": {
      "branch_length": 2.28e-06
    },
    "B/Peru/LIM-UPCH-4599/2024": {
      "branch_length": 0.0
    },
    "B/Peru/LIM-UPCH-4677/2024": {
      "branch_length": 0.0
    },
    "B/Peru/LIM-UPCH-4681/2024": {
      "branch_length": 0.00070972
    },
    "B/Peru/LIM-UPCH-4682/2024": {
      "branch_length": 0.00070949
    },
    "B/Peru/LIM-UPCH-4685/2024": {
      "branch_length": 0.00213181
    },
    "B/Peru/LIM-UPCH-4690/2024": {
      "branch_length": 0.0
    },
    "B/Peru/LIM-UPCH-4696/2024": {
      "branch_length": 0.00356246
    },
    "B/Peru/LIM-UPCH-4697/2024": {
      "branch_length": 0.00070972
    },
    "B/Peru/LIM-UPCH-4698/2024": {
      "branch_length": 0.00141984
    },
    "B/Peru/LIM-UPCH-4699/2024": {
      "branch_length": 0.0
    },
    "B/Peru/LIM-UPCH-4700/2024": {
      "branch_length": 0.0
    },
    "B/Peru/LIM-UPCH-4701/2024": {
      "branch_length": 0.0
    },
    "B/Peru/LIM-UPCH-4703/2024": {
      "branch_length": 1e-06
    },
    "B/Peru/LIM-UPCH-4704/2024": {
      "branch_length": 2.39e-06
    },
    "B/Peru/LIM-UPCH-4707/2024": {
      "branch_length": 2.28e-06
    },
    "B/Peru/LIM-UPCH-4708/2024": {
      "branch_length": 0.00070972
    },
    "B/Peru/LIM-UPCH-4709/2024": {
      "branch_length": 0.00213262
    },
    "B/Peru/LIM-UPCH-4715/2024": {
      "branch_length": 0.00070983
    },
    "B/Peru/LIM-UPCH-4716/2024": {
      "branch_length": 1e-06
    },
    "B/Peru/LIM-UPCH-4717/2024": {
      "branch_length": 2.28e-06
    },
    "B/Peru/LIM-UPCH-4718/2024": {
      "branch_length": 2.28e-06
    },
    "B/Peru/LIM-UPCH-4719/2024": {
      "branch_length": 2.28e-06
    },
    "B/Peru/LIM-UPCH-4720/2024": {
      "branch_length": 0.0
    },
    "B/Peru/LIM-UPCH-4722/2024": {
      "branch_length": 0.0
    },
    "B/Peru/LIM-UPCH-4723/2024": {
      "branch_length": 0.0014271
    },
    "B/Peru/LIM-UPCH-4724/2024": {
      "branch_length": 0.00213535
    },
    "B/Peru/LIM-UPCH-4725/2024": {
      "branch_length": 0.00071012
    },
    "B/Peru/LIM-UPCH-4726/2024": {
      "branch_length": 0.0
    },
    "B/Peru/LIM-UPCH-4727/2024": {
      "branch_length": 0.0
    },
    "B/Peru/LIM-UPCH-4728/2024": {
      "branch_length": 0.00070904
    },
    "B/Peru/LIM-UPCH-4730/2024": {
      "branch_length": 0.00214707
    },
    "B/Peru/UPCH_3863/2023": {
      "branch_length": 1e-06
    },
    "B/Peru/UPCH_3865/2023": {
      "branch_length": 1e-06
    },
    "B/Peru/UPCH_3869/2023": {
      "branch_length": 0.0007094
    },
    "B/Rhode_Island/01/2019": {
      "branch_length": 0.00262553
    },
    "B/Tak/F2636/2024": {
      "branch_length": 0.00426874
    },
    "B/Victoria/905/2019": {
      "branch_length": 0.00540894
    },
    "B/WAKAYAMA/32/2013": {
      "branch_length": 0.00141467
    },
    "B/Washington/02/2019": {
      "branch_length": 0.00130827
    },
    "B/Zambia/7419/2022": {
      "branch_length": 0.00592749
    },
    "B/Zhejiang-Longwan/11200/2021": {
      "branch_length": 0.00262442
    },
    "B/Zhejiang-Yuecheng/1554/2022": {
      "branch_length": 0.00591958
    },
    "NODE_0000000": {
      "branch_length": 0.001
    },
    "NODE_0000001": {
      "branch_length": 0.00365687
    },
    "NODE_0000002": {
      "branch_length": 2.16e-06
    },
    "NODE_0000003": {
      "branch_length": 0.00065637
    },
    "NODE_0000004": {
      "branch_length": 0.00197367
    },
    "NODE_0000005": {
      "branch_length": 0.00065478
    },
    "NODE_0000006": {
      "branch_length": 0.00065425
    },
    "NODE_0000007": {
      "branch_length": 2.6e-06
    },
    "NODE_0000008": {
      "branch_length": 2.12e-06
    },