{
  "alignment": "output/build-lineages/align/B-Victoria_NA_alignment.fasta",
  "generated_by": {
    "program": "augur",
    "version": "27.0.0"
  },
  "input_tree": "output/build-lineages/tree/B-Victoria_NA_raw.nwk",
  "nodes": {
    "B/Abudhabi/061/2019": {
      "branch_length": 2.28e-06
    },
    "B/Argentina/100/2020": {
      "branch_length": 0.00657873
    },
    "B/Austria/1359417/2021____21/224_": {
      "branch_length": 0.00132083
    },
    "B/Canterbury/14/2019": {
      "branch_length": 0.00728532
    },
    "B/Colorado/06/2017": {
      "branch_length": 2.74e-06
    },
    "B/Ecuador/1135/2023": {
      "branch_length": 0.00065571
    },
    "B/Ecuador/140/2023": {
      "branch_length": 0.00131146
    },
    "B/Ecuador/4157/2023": {
      "branch_length": 0.0013113
    },
    "B/Ecuador/5408/2023": {
      "branch_length": 1e-06
    },
    "B/Ecuador/5450/2023": {
      "branch_length": 1e-06
    },
    "B/Ecuador/9768/2023": {
      "branch_length": 0.00065524
    },
    "B/Ecuador/GSB-1171-1496/2023": {
      "branch_length": 0.00135203
    },
    "B/Hong_Kong/286/2017": {
      "branch_length": 0.00064957
    },
    "B/Jiangxi-Yushui/11102/2014": {
      "branch_length": 0.03643033
    },
    "B/Nepal/20FL0829/2020": {
      "branch_length": 0.00070923
    },
    "B/New_Caledonia/118/2015": {
      "branch_length": 0.00196543
    },
    "B/New_York/72/2024": {
      "branch_length": 0.00926312
    },
    "B/Peru/01237Aaeev/2023": {
      "branch_length": 0.0
    },
    "B/Peru/01237Aaeew/2023": {
      "branch_length": 0.0
    },
    "B/Peru/01237Aaefa/2023": {
      "branch_length": 0.0
    },
    "B/Peru/01237Aaefb/2023": {
      "branch_length": 0.00130649
    },
    "B/Peru/02645Aaaek/2023": {
      "branch_length": 2.28e-06
    },
    "B/Peru/02883Aalsw/2023": {
      "branch_length": 0.00131122
    },
    "B/Peru/02883Aalsx/2023": {
      "branch_length": 0.00065526
    },
    "B/Peru/02883Aaltu/2023": {
      "branch_length": 0.0
    },
    "B/Peru/02885Aahkz/2023": {
      "branch_length": 0.0013117
    },
    "B/Peru/02885Aahlc/2023": {
      "branch_length": 2.28e-06
    },
    "B/Peru/02885Aahnc/2023": {
      "branch_length": 0.0
    },
    "B/Peru/02885Aahng/2023": {
      "branch_length": 0.00196793
    },
    "B/Peru/02888Aakdk/2023": {
      "branch_length": 1e-06
    },
    "B/Peru/02888Aakdn/2023": {
      "branch_length": 1e-06
    },
    "B/Peru/02888Aakpr/2024": {
      "branch_length": 2.61e-06
    },
    "B/Peru/03472/2023": {
      "branch_length": 0.00065551
    },
    "B/Peru/0727/2023": {
      "branch_length": 0.00131144
    },
    "B/Peru/0753/2023": {
      "branch_length": 0.00263944
    },
    "B/Peru/10185Aanzs/2023": {
      "branch_length": 0.0
    },
    "B/Peru/1232/2023": {
      "branch_length": 2.98e-06
    },
    "B/Peru/1237/2023": {
      "branch_length": 0.00065561
    },
    "B/Peru/1292/2023": {
      "branch_length": 1e-06
    },
    "B/Peru/1293/2023": {
      "branch_length": 0.00329369
    },
    "B/Peru/1409/2023": {
      "branch_length": 0.00196815
    },
    "B/Peru/2017/2023": {
      "branch_length": 0.0013134
    },
    "B/Peru/2161/2023": {
      "branch_length": 2.28e-06
    },
    "B/Peru/2645/2023": {
      "branch_length": 2.02e-06
    },
    "B/Peru/2831/2023": {
      "branch_length": 2.28e-06
    },
    "B/Peru/2883/2023": {
      "branch_length": 0.0
    },
    "B/Peru/2885/2023": {
      "branch_length": 0.00065535
    },
    "B/Peru/2888/2023": {
      "branch_length": 0.00394107
    },
    "B/Peru/3472/2023": {
      "branch_length": 2.61e-06
    },
    "B/Peru/3886/2023": {
      "branch_length": 1.11e-06
    },
    "B/Peru/4054/2023": {
      "branch_length": 0.0
    },
    "B/Peru/4211/2023": {
      "branch_length": 0.00461221
    },
    "B/Peru/4317/2023": {
      "branch_length": 0.00065551
    },
    "B/Peru/472/2023": {
      "branch_length": 0.00065432
    },
    "B/Peru/6669/2023": {
      "branch_length": 2.24e-06
    },
    "B/Peru/7638/2023": {
      "branch_length": 0.00196822
    },
    "B/Peru/9066/2023": {
      "branch_length": 0.00065572
    },
    "B/Peru/GIHSN-HCL023164105501/2023": {
      "branch_length": 0.00328328
    },
    "B/Peru/LIM-INS-119/2024": {
      "branch_length": 0.00071257
    },
    "B/Peru/LIM-UPCH-4111/2024": {
      "branch_length": 2.28e-06
    },
    "B/Peru/LIM-UPCH-4599/2024": {
      "branch_length": 0.0
    },
    "B/Peru/LIM-UPCH-4677/2024": {
      "branch_length": 0.0
    },
    "B/Peru/LIM-UPCH-4681/2024": {
      "branch_length": 0.00070964
    },
    "B/Peru/LIM-UPCH-4682/2024": {
      "branch_length": 0.00070942
    },
    "B/Peru/LIM-UPCH-4685/2024": {
      "branch_length": 0.00213164
    },
    "B/Peru/LIM-UPCH-4690/2024": {
      "branch_length": 0.0
    },
    "B/Peru/LIM-UPCH-4696/2024": {
      "branch_length": 0.00356216
    },
    "B/Peru/LIM-UPCH-4697/2024": {
      "branch_length": 0.00070966
    },
    "B/Peru/LIM-UPCH-4698/2024": {
      "branch_length": 0.0014197
    },
    "B/Peru/LIM-UPCH-4699/2024": {
      "branch_length": 0.0
    },
    "B/Peru/LIM-UPCH-4700/2024": {
      "branch_length": 0.0
    },
    "B/Peru/LIM-UPCH-4701/2024": {
      "branch_length": 0.0
    },
    "B/Peru/LIM-UPCH-4703/2024": {
      "branch_length": 1e-06
    },
    "B/Peru/LIM-UPCH-4704/2024": {
      "branch_length": 2.39e-06
    },
    "B/Peru/LIM-UPCH-4707/2024": {
      "branch_length": 2.28e-06
    },
    "B/Peru/LIM-UPCH-4708/2024": {
      "branch_length": 0.00070966
    },
    "B/Peru/LIM-UPCH-4709/2024": {
      "branch_length": 0.00213243
    },
    "B/Peru/LIM-UPCH-4715/2024": {
      "branch_length": 0.00070977
    },
    "B/Peru/LIM-UPCH-4716/2024": {
      "branch_length": 1e-06
    },
    "B/Peru/LIM-UPCH-4717/2024": {
      "branch_length": 2.28e-06
    },
    "B/Peru/LIM-UPCH-4718/2024": {
      "branch_length": 2.28e-06
    },
    "B/Peru/LIM-UPCH-4719/2024": {
      "branch_length": 2.28e-06
    },
    "B/Peru/LIM-UPCH-4720/2024": {
      "branch_length": 0.0
    },
    "B/Peru/LIM-UPCH-4722/2024": {
      "branch_length": 0.0
    },
    "B/Peru/LIM-UPCH-4723/2024": {
      "branch_length": 0.001427
    },
    "B/Peru/LIM-UPCH-4724/2024": {
      "branch_length": 0.00213515
    },
    "B/Peru/LIM-UPCH-4725/2024": {
      "branch_length": 0.00071006
    },
    "B/Peru/LIM-UPCH-4726/2024": {
      "branch_length": 0.0
    },
    "B/Peru/LIM-UPCH-4727/2024": {
      "branch_length": 0.0
    },
    "B/Peru/LIM-UPCH-4728/2024": {
      "branch_length": 0.00070897
    },
    "B/Peru/LIM-UPCH-4730/2024": {
      "branch_length": 0.00214696
    },
    "B/Peru/UPCH_3863/2023": {
      "branch_length": 1e-06
    },
    "B/Peru/UPCH_3865/2023": {
      "branch_length": 1e-06
    },
    "B/Peru/UPCH_3869/2023": {
      "branch_length": 0.00070933
    },
    "B/Rhode_Island/01/2019": {
      "branch_length": 0.00262575
    },
    "B/Tak/F2636/2024": {
      "branch_length": 0.00426849
    },
    "B/Victoria/905/2019": {
      "branch_length": 0.00540928
    },
    "B/WAKAYAMA/32/2013": {
      "branch_length": 0.00141452
    },
    "B/Washington/02/2019": {
      "branch_length": 0.0013083
    },
    "B/Zambia/7419/2022": {
      "branch_length": 0.00592791
    },
    "B/Zhejiang-Longwan/11200/2021": {
      "branch_length": 0.00262463
    },
    "B/Zhejiang-Yuecheng/1554/2022": {
      "branch_length": 0.00592008
    },
    "NODE_0000000": {
      "branch_length": 0.001
    },
    "NODE_0000001": {
      "branch_length": 0.00365734
    },
    "NODE_0000002": {
      "branch_length": 2.16e-06
    },
    "NODE_0000003": {
      "branch_length": 0.00065642
    },
    "NODE_0000004": {
      "branch_length": 0.0019737
    },
    "NODE_0000005": {
      "branch_length": 0.00065481
    },
    "NODE_0000006": {
      "branch_length": 0.0006543
    },
    "NODE_0000007": {
      "branch_length": 2.6e-06
    },
    "NODE_0000008": {
      "branch_length": 2.12e-06
    },